,open,close,high,low,volume
2015-01-26,12.7106,14.0553,15.0925,11.7092,1655002570.0
2015-01-27,13.1612,12.6819,13.5832,12.6533,928193153.0
2015-01-28,12.589,12.2814,12.589,12.0167,497075631.0
2015-01-29,11.9452,12.589,12.8608,11.8451,534066381.0
2015-01-30,12.5103,12.0525,12.6819,12.0167,362921922.0
2015-02-02,11.5733,11.1656,11.6949,11.0869,400684096.0
2015-02-03,11.3372,11.4302,11.5017,11.1656,329576376.0
2015-02-04,11.4445,11.1083,11.559,11.094,341057339.0
2015-02-05,11.4374,11.0082,11.4374,11.001,315504677.0
2015-02-06,10.8294,10.6935,11.0583,10.6291,265148213.0
2015-02-09,10.6649,11.1012,11.28,10.6005,355055094.0
2015-02-10,11.0153,10.951,11.187,10.8151,252561074.0
2015-02-11,11.0153,11.373,11.4302,10.8723,330914997.0
2015-02-12,11.2728,11.2871,11.4016,11.1441,212650115.0
2015-02-13,11.373,11.2728,11.4946,11.2442,219336621.0
2015-02-16,11.28,11.1799,11.3158,11.1298,171198814.0
2015-02-17,11.1942,11.2943,11.4016,11.1942,163642201.0
2015-02-25,11.3372,11.0797,11.3372,11.0511,135413317.0
2015-02-26,11.0368,11.3944,11.516,10.8651,287435394.0
2015-02-27,11.3229,11.2728,11.4159,11.2371,192286015.0
2015-03-02,11.4517,11.3944,11.6376,11.3086,282910566.0
2015-03-03,11.3372,11.0368,11.3444,11.0296,239916157.0
2015-03-04,11.0153,11.1012,11.2299,11.0153,141594074.0
2015-03-05,11.0296,11.0511,11.2085,10.9796,161902777.0
2015-03-06,11.0797,11.0153,11.1799,11.0082,131742473.0
2015-03-09,10.7507,10.9295,10.9724,10.6434,180932125.0
2015-03-10,10.8937,11.001,11.1584,10.8079,167339933.0
2015-03-11,11.001,10.8651,11.1441,10.8151,164130609.0
2015-03-12,10.9081,10.9653,11.1083,10.8079,173145184.0
2015-03-13,11.0153,10.9796,11.1512,10.9152,157251617.0
2015-03-16,11.0082,11.2013,11.2085,10.9152,274108204.0
2015-03-17,11.2871,12.0024,12.2313,11.2299,619351732.0
2015-03-18,12.0167,12.3672,12.589,11.8737,538348278.0
2015-03-19,12.3815,12.2885,12.4888,12.0954,346223792.0
2015-03-20,12.3172,12.8393,13.2828,12.074,597425872.0
2015-03-23,12.732,12.8035,13.0038,12.5675,395198923.0
2015-03-24,12.7678,12.3744,12.7749,12.1598,365616069.0
2015-03-25,12.3601,12.2456,12.6319,12.2027,274721104.0
2015-03-26,12.1598,12.31,12.4602,12.0382,250370016.0
2015-03-27,12.31,12.3172,12.4173,12.2313,169088375.0
2015-03-30,12.3386,12.4674,12.5818,12.2885,258672127.0
2015-03-31,12.589,12.3458,13.0539,12.3029,370876972.0
2015-04-01,12.3887,12.5031,12.639,12.2814,263001939.0
2015-04-02,12.5675,12.4244,12.6462,12.2885,239778450.0
2015-04-03,12.31,12.6605,12.7892,12.2957,336429989.0
2015-04-07,12.8035,12.825,12.8536,12.5961,353733237.0
2015-04-08,12.8822,13.7191,14.041,12.7463,686461042.0
2015-04-09,13.8192,13.6476,14.7277,13.5975,694530551.0
2015-04-10,13.5188,13.6619,13.7406,13.3186,324879389.0
2015-04-13,13.7334,13.6977,13.9194,13.4616,309293405.0
2015-04-14,13.6619,13.7191,13.9051,13.2613,313562120.0
2015-04-15,13.6977,13.2113,13.6977,13.2041,214019136.0
2015-04-16,13.0539,13.2685,13.4545,12.8965,205810510.0
2015-04-17,13.4258,13.3686,13.712,13.2756,269840637.0
2015-04-20,13.3758,12.9323,13.4115,12.9323,281070421.0
2015-04-21,12.7463,13.4044,13.5904,12.7463,279427836.0
2015-04-22,13.4545,14.0052,14.2842,13.3615,409424697.0
2015-04-23,14.0553,13.6047,14.1125,13.5617,373443585.0
2015-04-24,13.3758,13.154,13.4473,13.0038,258005367.0
2015-04-27,13.2256,13.2685,13.4473,13.104,200498720.0
2015-04-28,13.2756,13.1898,13.4401,13.0897,228634840.0
2015-04-29,13.2685,13.2041,13.3042,13.011,150683567.0
2015-04-30,13.2756,13.0038,13.2899,12.9824,175264830.0
2015-05-04,12.9967,12.9323,13.1326,12.8322,141342882.0
2015-05-05,12.918,12.5532,13.2113,12.5031,198430370.0
2015-05-06,12.6605,12.3744,12.9323,12.2456,188408535.0
2015-05-07,12.2671,12.4244,12.6605,12.2671,145185546.0
2015-05-08,12.6462,12.5317,12.732,12.2885,145788051.0
2015-05-11,12.7106,12.7892,12.7964,12.5532,192666221.0
2015-05-12,12.7964,12.9752,13.2113,12.6104,253661418.0
2015-05-13,12.9824,12.6748,12.9824,12.639,178904394.0
2015-05-14,12.6963,12.6104,12.825,12.5246,131543587.0
2015-05-15,12.5818,12.7106,13.0181,12.3172,250269966.0
2015-05-18,12.5031,12.4531,12.7106,12.3958,147501333.0
2015-05-19,12.4388,13.104,13.5045,12.4173,445646765.0
2015-05-20,13.011,12.8393,13.0682,12.7678,298270037.0
2015-05-21,12.8393,12.8393,12.9466,12.6819,188833032.0
2015-05-22,12.9609,13.1898,13.4258,12.8965,347687327.0
2015-05-25,13.2113,13.4545,13.7191,13.2113,392724119.0
2015-05-26,13.4902,13.5975,13.762,13.2184,424850103.0
2015-05-27,13.6118,14.0124,14.1626,13.4187,509816260.0
2015-05-28,14.0553,13.2399,14.7205,13.0825,646566926.0
2015-05-29,13.3186,13.3758,13.7191,12.8822,429969514.0
2015-06-01,13.3758,13.9623,14.2413,13.0181,443906600.0
2015-06-02,13.948,14.2341,14.2913,13.7406,402348214.0
2015-06-03,14.3772,13.7906,14.3772,13.7048,352341992.0
2015-06-04,13.8407,13.8336,14.134,13.0825,364628307.0
2015-06-05,14.0553,13.6977,14.1268,13.4187,372377895.0
2015-06-15,13.9766,13.5761,14.4988,13.5188,397237235.0
2015-06-16,13.3758,13.1183,13.7263,12.9967,252691248.0
2015-06-17,13.2756,13.1755,13.34,12.7392,222885431.0
2015-06-18,13.0396,12.5818,13.1612,12.5532,185364146.0
2015-06-19,12.5103,12.31,12.9466,12.2671,213905470.0
2015-06-23,12.4316,12.7535,12.7821,12.0525,195409539.0
2015-06-24,12.8322,12.8536,12.8751,12.5604,190736667.0
2015-06-25,12.8751,12.496,13.0181,12.3744,192558998.0
2015-06-26,12.3386,11.5447,12.8393,11.2442,289840426.0
2015-06-29,11.981,10.8008,11.981,10.4288,283281187.0
2015-06-30,10.8079,11.6233,11.6519,10.1999,291909492.0
2015-07-01,11.4374,10.7936,11.7235,10.7292,224016994.0
2015-07-02,11.2013,10.529,11.2299,10.0283,232353275.0
2015-07-03,10.6577,9.7493,10.6935,9.5705,222618552.0
2015-07-06,10.7221,10.3001,10.7221,9.6992,299262264.0
2015-07-07,10.0139,10.3001,10.3001,9.2701,401810323.0
2015-07-08,9.3559,9.2701,9.642,9.2701,504065599.0
2015-07-09,9.2701,10.1999,10.1999,8.6621,301510863.0
2015-07-10,10.2643,11.2156,11.2228,10.0211,395031485.0
2015-07-13,10.9939,11.3229,11.8451,10.858,396680583.0
2015-07-14,10.9939,10.6005,11.1298,10.5146,267342478.0
2015-07-15,10.4002,9.6492,10.6935,9.6277,187390572.0
2015-07-16,9.6492,9.7779,10.0497,9.4489,148236066.0
2015-07-17,9.8351,10.1999,10.3644,9.7779,160053039.0
2015-07-20,10.1928,10.0998,10.343,9.9996,148610502.0
2015-07-21,9.9782,10.1713,10.3501,9.8709,162238529.0
2015-07-22,10.157,10.0283,10.2571,9.9353,117759232.0
2015-07-23,10.0783,10.2786,10.3001,10.0354,158639782.0
2015-07-24,10.2858,10.0068,10.3287,9.9281,159694813.0
2015-07-27,9.8351,9.0054,9.9281,9.0054,178602106.0
2015-07-28,8.8194,9.5991,9.9067,8.3473,322338933.0
2015-07-29,9.549,9.7278,10.0139,9.3058,135969648.0
2015-07-30,9.6563,9.3487,9.8208,9.3487,96104354.0
2015-07-31,9.2629,9.4846,9.5061,9.1628,92573292.0
2015-08-03,9.3416,9.7135,9.7135,9.2844,109670246.0
2015-08-04,9.6635,9.8637,9.9067,9.5204,117910035.0
2015-08-05,9.8494,9.5347,9.8494,9.5133,75917151.0
2015-08-06,9.363,9.3273,9.5347,9.2987,57746435.0
2015-08-07,9.4131,9.4489,9.6134,9.3773,64752392.0
2015-08-10,9.5133,9.9424,10.157,9.4274,170233333.0
2015-08-11,9.8566,9.7922,9.9496,9.7636,112719442.0
2015-08-12,9.6921,9.7278,9.9925,9.6635,97382030.0
2015-08-13,9.642,9.7564,9.8137,9.5204,86146191.0
2015-08-14,9.8637,9.8566,9.971,9.735,120729594.0
2015-08-17,9.8423,9.7493,9.8494,9.6205,75978918.0
2015-08-18,9.8065,9.1485,10.1427,8.9982,181820520.0
2015-08-19,8.9839,9.22,9.2557,8.6692,107662862.0
2015-08-20,9.3344,9.2128,9.5776,9.1198,122723415.0
2015-08-21,9.0126,8.6335,9.2486,8.5905,92002813.0
2015-08-24,8.3688,7.768,8.4832,7.768,105474504.0
2015-08-25,7.0098,6.9883,7.2601,6.9883,109637757.0
2015-08-26,6.9883,6.4375,7.3173,6.3517,149229863.0
2015-08-27,6.6521,6.7737,6.8095,6.2945,132370168.0
2015-08-28,6.8667,7.1242,7.2029,6.7165,158309834.0
2015-08-31,7.0098,6.7165,7.0098,6.6092,120607950.0
2015-09-01,6.7093,6.7093,6.9311,6.3589,135672751.0
2015-09-02,6.4375,6.4518,6.8309,6.3517,96281955.0
2015-09-07,6.5448,6.5305,6.7093,6.4948,85769859.0
2015-09-08,6.4375,6.6879,6.7022,6.3732,79173574.0
2015-09-09,6.7237,6.9597,7.0384,6.6593,175292497.0
2015-09-10,6.8309,6.7594,6.9168,6.7451,98411522.0
2015-09-11,6.7737,6.8095,6.9025,6.695,65887621.0
2015-09-14,6.8596,6.2802,6.8596,6.13,122533412.0
2015-09-15,6.1514,5.8152,6.2873,5.7652,86003680.0
2015-09-16,5.8295,6.3016,6.3875,5.8224,93594658.0
2015-09-17,6.2659,6.1157,6.4161,6.1085,92375003.0
2015-09-18,6.1729,6.3088,6.3875,6.1228,86676222.0
2015-09-21,6.2015,6.3875,6.4089,6.1586,58974192.0
2015-09-22,6.4161,6.5949,6.8166,6.3875,120351257.0
2015-09-23,6.459,6.3517,6.552,6.3302,68162506.0
2015-09-24,6.4018,6.4018,6.4733,6.2945,47639160.0
2015-09-25,6.3803,6.1371,6.4018,6.0799,55809861.0
2015-09-28,6.0942,6.1872,6.2015,6.0513,35525755.0
2015-09-29,6.0942,6.13,6.2802,5.944,56914067.0
2015-09-30,6.1157,6.1371,6.2945,6.1014,46200418.0
2015-10-08,6.4375,6.366,6.5019,6.3374,69689827.0
2015-10-09,6.366,6.4948,6.5591,6.3374,79952153.0
2015-10-12,6.5091,6.7952,6.9239,6.4661,157061507.0
2015-10-13,6.6378,6.7308,6.7666,6.6164,86566010.0
2015-10-14,6.7022,6.6521,6.8381,6.6378,96771787.0
2015-10-15,6.6521,6.8023,6.8166,6.6235,100824762.0
2015-10-16,6.8596,6.9239,6.9955,6.8166,151356854.0
2015-10-19,6.9382,7.0455,7.2601,6.9168,170481271.0
2015-10-20,7.067,7.067,7.0813,6.8882,102157303.0
2015-10-21,7.0598,6.5734,7.0813,6.552,135706752.0
2015-10-22,6.552,6.7022,6.7093,6.5019,91104931.0
2015-10-23,6.738,6.8166,6.8309,6.645,95765485.0
2015-10-26,6.9955,6.9454,7.1385,6.8667,134845217.0
2015-10-27,6.9168,6.8596,6.9168,6.645,83366701.0
2015-10-28,6.8882,6.8309,7.0455,6.7952,97043949.0
2015-10-29,6.8667,6.8452,6.9239,6.7809,59276591.0
2015-10-30,6.8381,6.9525,7.1314,6.7237,130661926.0
2015-11-02,6.8309,6.738,6.9382,6.7308,84246435.0
2015-11-03,6.7451,6.7308,6.8309,6.6807,62345072.0
2015-11-04,6.7451,7.4032,7.4032,6.738,293791022.0
2015-11-05,7.5748,7.9039,8.1471,7.4389,527728063.0
2015-11-06,7.7966,8.5619,8.6907,7.6535,474432460.0
2015-11-09,8.6191,8.3259,9.0626,8.2973,476577285.0
2015-11-10,8.2114,8.4475,8.8552,8.1256,296376448.0
2015-11-11,8.2973,8.5119,8.6907,8.2257,211893002.0
2015-11-12,8.5405,8.3116,8.5762,8.2257,158530553.0
2015-11-13,8.19,8.3402,8.5333,8.1328,187014763.0
2015-11-16,8.1328,8.283,8.2901,8.0898,103673644.0
2015-11-17,8.3903,8.4332,8.8552,8.3402,269097831.0
2015-11-18,8.3688,8.1471,8.5762,8.0827,153366402.0
2015-11-19,8.1471,8.24,8.2472,8.0827,88029381.0
2015-11-20,8.2257,8.1399,8.2472,8.0898,87220840.0
2015-11-23,8.1614,8.1614,8.3545,8.1256,89769964.0
2015-11-24,8.1614,8.3402,8.4117,8.097,103419319.0
2015-11-25,8.2472,8.333,8.3903,8.24,103169529.0
2015-11-26,8.3688,8.3259,8.5691,8.3187,128748802.0
2015-11-27,8.1614,7.4962,8.2257,7.4962,150847337.0
2015-11-30,7.4389,7.4461,7.5462,7.0884,120758799.0
2015-12-01,7.4389,7.3817,7.5033,7.3388,67769062.0
2015-12-02,7.4246,7.7966,7.7966,7.3674,110777487.0
2015-12-03,7.725,7.7751,7.9039,7.6178,89433183.0
2015-12-04,7.725,7.5391,7.725,7.5033,78895640.0
2015-12-07,7.5248,7.6178,7.675,7.3817,64908821.0
2015-12-08,7.5534,7.4461,7.6893,7.4246,55567698.0
2015-12-09,7.4175,7.4246,7.5462,7.2887,55122561.0
2015-12-10,7.4604,7.4747,7.768,7.4318,81541589.0
2015-12-11,7.396,7.4747,7.6392,7.2673,71609152.0
2015-12-14,7.3674,8.0469,8.0469,7.303,149134684.0
2015-12-15,7.9682,7.7394,7.9969,7.725,108817779.0
2015-12-16,7.8252,7.7465,7.9396,7.7394,78350355.0
2015-12-17,7.8395,7.8824,8.004,7.7966,98614153.0
2015-12-18,7.8824,7.7894,7.9396,7.7465,78756277.0
2015-12-21,7.768,7.9468,8.0612,7.7322,106436183.0
2015-12-22,7.9754,8.0541,8.1041,7.9182,97530872.0
2015-12-23,8.1185,8.1971,8.4761,8.0183,195675064.0
2015-12-24,8.0827,7.8967,8.1971,7.7751,106394728.0
2015-12-25,7.911,7.9396,8.0112,7.8466,53265839.0
2015-12-28,8.004,7.7608,8.0755,7.7608,85794767.0
2015-12-29,7.7322,7.8538,7.8896,7.7322,47229344.0
2015-12-30,7.8395,7.8609,7.9253,7.7608,55415402.0
2015-12-31,7.8753,7.6607,7.9039,7.6392,74787902.0
2016-01-04,7.6535,6.9311,7.7036,6.9168,64795505.0
2016-01-05,6.7022,6.9168,7.1242,6.5234,88267301.0
2016-01-06,6.9382,7.0598,7.1099,6.8524,69566176.0
2016-01-07,6.9454,6.4375,6.9525,6.4018,18866018.0
2016-01-08,6.6736,6.5877,6.8596,6.2945,101540534.0
2016-01-11,6.459,6.1729,6.5734,6.1371,80374687.0
2016-01-12,6.2945,6.3016,6.459,6.223,65028389.0
2016-01-13,6.3946,6.223,6.4232,6.2015,61223029.0
2016-01-14,6.0584,6.3875,6.3946,6.0227,59634484.0
2016-01-15,6.3803,6.2301,6.3803,6.1514,55733025.0
2016-01-18,6.1228,6.3016,6.3732,6.1014,44515668.0
2016-01-19,6.3302,6.5091,6.552,6.273,66281790.0
2016-01-20,6.4733,6.4089,6.5377,6.3732,51713547.0
2016-01-21,6.3231,6.18,6.4876,6.18,51007451.0
2016-01-22,6.2802,6.2516,6.3016,6.1228,35395308.0
2016-01-25,6.2873,6.223,6.3231,6.2015,38300672.0
2016-01-26,6.0799,5.7437,6.1371,5.7151,71600837.0
2016-01-27,5.8009,5.6436,5.8367,5.4862,60447396.0
2016-01-28,5.5935,5.5434,5.7866,5.5148,44822156.0
2016-01-29,5.5935,5.8081,5.851,5.5577,63491081.0
2016-02-01,5.7938,5.665,5.7938,5.572,42028996.0
2016-02-02,5.665,5.7938,5.8582,5.6507,47388548.0
2016-02-03,5.7437,5.7723,5.7866,5.6579,32096720.0
2016-02-04,5.7938,5.8439,5.8868,5.7938,46324701.0
2016-02-05,5.8224,5.7366,5.8224,5.7294,36279325.0
2016-02-15,5.5077,5.6436,5.6865,5.5077,28180760.0
2016-02-16,5.665,5.8582,5.8868,5.665,57670982.0
2016-02-17,5.8582,5.8796,5.8939,5.7795,54649551.0
2016-02-18,5.9368,5.8582,6.0441,5.851,63164142.0
2016-02-19,5.8582,5.8653,5.9011,5.8081,40018104.0
2016-02-22,5.944,6.037,6.13,5.8868,90707823.0
2016-02-23,6.0227,5.9655,6.037,5.8796,63269177.0
2016-02-24,5.9297,6.0012,6.0084,5.8725,54915463.0
2016-02-25,5.9798,5.5077,5.9798,5.4218,81210183.0
2016-02-26,5.5935,5.5792,5.6221,5.4576,50175391.0
2016-02-29,5.5649,5.3145,5.5649,5.1858,60114068.0
2016-03-01,5.3789,5.5077,5.6436,5.3002,61088783.0
2016-03-02,5.5577,5.7795,5.8367,5.5005,82047784.0
2016-03-03,5.7795,5.7366,5.8367,5.708,69975850.0
2016-03-04,5.7008,5.851,6.0012,5.7008,127102572.0
2016-03-07,5.8653,5.944,6.037,5.8653,81566314.0
2016-03-08,5.9011,5.8725,5.9225,5.6865,75570840.0
2016-03-09,5.758,5.6936,5.8295,5.6579,66738830.0
2016-03-10,5.708,5.5792,5.7509,5.5649,48032949.0
2016-03-11,5.5291,5.6078,5.6865,5.4934,44666841.0
2016-03-14,5.6722,5.7795,5.8653,5.6221,79019133.0
2016-03-15,5.7509,5.7366,5.7866,5.6936,39810200.0
2016-03-16,5.7509,5.6936,5.8009,5.6722,45798962.0
2016-03-17,5.7294,5.8295,5.8868,5.7151,73318380.0
2016-03-18,5.8152,6.0012,6.0799,5.8152,157487497.0
2016-03-21,6.1586,6.6021,6.6021,6.1586,315721036.0
2016-03-22,6.5591,6.4161,6.6164,6.3946,158959850.0
2016-03-23,6.4089,6.5377,6.5663,6.3446,103182043.0
2016-03-24,6.4375,6.2802,6.4447,6.273,85916311.0
2016-03-25,6.2802,6.3446,6.4018,6.2659,49017813.0
2016-03-28,6.3302,6.2015,6.459,6.1514,65294438.0
2016-03-29,6.223,6.1657,6.2945,6.1157,60936165.0
2016-03-30,6.2587,6.3517,6.366,6.2158,77416475.0
2016-03-31,6.3803,6.3589,6.4948,6.3159,75974864.0
2016-04-01,6.3589,6.3231,6.4018,6.2015,51063700.0
2016-04-05,6.273,6.4232,6.4733,6.273,70053543.0
2016-04-06,6.4089,6.3875,6.4447,6.3374,50367573.0
2016-04-07,6.4089,6.2802,6.4375,6.273,49708372.0
2016-04-08,6.2373,6.2086,6.2587,6.1371,43429617.0
2016-04-11,6.4089,6.3589,6.5234,6.3517,89016584.0
2016-04-12,6.3016,6.2873,6.3302,6.2301,46619816.0
2016-04-13,6.3302,6.4304,6.5448,6.3231,126334446.0
2016-04-14,6.459,6.4375,6.4876,6.3732,51544640.0
2016-04-15,6.4518,6.3803,6.4518,6.3446,43270070.0
2016-04-18,6.3016,6.2373,6.3231,6.2086,43543102.0
2016-04-19,6.2659,6.2587,6.3016,6.1943,32804145.0
2016-04-20,6.2802,5.9941,6.2873,5.8295,75886606.0
2016-04-21,5.944,5.9225,6.037,5.9154,37970690.0
2016-04-22,5.8796,5.944,5.9583,5.8582,29212974.0
2016-04-25,5.9011,5.8939,5.9297,5.8367,24425493.0
2016-04-26,5.9154,5.9655,5.9726,5.8939,24908321.0
2016-04-27,6.0513,6.0227,6.13,5.9798,53007288.0
2016-04-28,6.0227,6.037,6.1157,5.9368,57635245.0
2016-04-29,6.0084,6.0084,6.0727,5.9726,38672583.0
2016-05-03,6.0084,6.1228,6.1514,5.9798,70014796.0
2016-05-04,6.0799,6.0727,6.1157,6.0084,46916256.0
2016-05-05,6.0584,6.0584,6.087,6.0227,34220308.0
2016-05-06,6.0656,5.8653,6.0942,5.8582,54007968.0
2016-05-09,5.8152,5.7223,5.8367,5.6865,45176219.0
2016-05-10,5.7151,5.7223,5.7866,5.665,39856409.0
2016-05-11,5.7652,5.6936,5.7723,5.6579,28841671.0
2016-05-12,5.6507,5.7652,5.7795,5.5864,41371972.0
2016-05-13,5.7294,5.7652,5.8295,5.7294,37353069.0
2016-05-16,5.7294,5.7795,5.7795,5.6793,28799717.0
2016-05-17,5.7866,5.7652,5.8367,5.708,30708724.0
2016-05-18,5.7223,5.7723,5.7795,5.6364,41514451.0
2016-05-19,5.7223,5.7437,5.7938,5.7223,23034737.0
2016-05-20,5.7223,5.7866,5.7866,5.6936,26142835.0
2016-05-23,5.7652,5.7795,5.8152,5.7509,27146228.0
2016-05-24,5.7795,5.7223,5.7866,5.708,18662355.0
2016-05-25,5.7437,5.7223,5.8009,5.7151,24369644.0
2016-05-26,5.6936,5.7294,5.7509,5.6436,23270308.0
2016-05-27,5.7223,5.708,5.7437,5.6793,19575760.0
2016-05-30,5.7008,5.7437,5.7509,5.6579,23518546.0
2016-05-31,5.7437,6.1085,6.1872,5.7223,130071628.0
2016-06-01,6.087,6.0084,6.1514,6.0012,83790133.0
2016-06-02,6.0012,6.0298,6.037,5.9583,49210525.0
2016-06-03,6.037,6.0441,6.1014,5.9869,50178824.0
2016-06-06,6.0799,5.9869,6.0799,5.9798,29338182.0
2016-06-07,6.0084,5.9869,6.0513,5.9726,31446321.0
2016-06-08,5.9869,5.9869,6.0084,5.9368,30467155.0
2016-06-13,5.9011,5.7294,5.9225,5.7294,44955641.0
2016-06-14,5.7151,5.7509,5.7866,5.7008,29338644.0
2016-06-15,5.6793,5.8224,5.9225,5.6436,58017356.0
2016-06-16,5.7938,5.7366,5.8009,5.708,38069812.0
2016-06-17,5.758,5.7723,5.8367,5.7509,35947152.0
2016-06-20,5.7723,5.7866,5.8081,5.7366,23510389.0
2016-06-21,5.8009,5.851,6.0799,5.8009,77634250.0
2016-06-22,5.8295,5.9082,5.9082,5.7938,39943431.0
2016-06-23,5.9011,5.8725,5.9011,5.8152,29686427.0
2016-06-24,5.8582,5.7723,5.9368,5.6579,61947297.0
2016-06-27,5.7437,5.8367,5.8582,5.7223,47672883.0
2016-06-28,5.8224,5.8939,5.944,5.7938,64168247.0
2016-06-29,5.9225,5.9082,5.9583,5.8868,62934852.0
2016-06-30,5.9655,6.0155,6.0656,5.9368,83886957.0
2016-07-01,6.037,6.0012,6.0441,5.9655,51803730.0
2016-07-04,6.0012,6.1872,6.2587,5.9655,104230773.0
2016-07-05,6.1657,6.2873,6.3517,6.1586,108621332.0
2016-07-06,6.2972,6.2284,6.2972,6.1498,86955096.0
2016-07-07,6.1891,6.2382,6.2677,6.14,53285748.0
2016-07-08,6.2284,6.2284,6.2972,6.1793,48566766.0
2016-07-11,6.2284,6.2186,6.3659,6.2087,55072271.0
2016-07-12,6.2186,6.3168,6.3364,6.0908,96536539.0
2016-07-13,6.3168,6.3266,6.4445,6.2677,86280924.0
2016-07-14,6.2972,6.307,6.3364,6.2677,45620197.0
2016-07-15,6.307,6.2873,6.3266,6.2579,36065644.0
2016-07-18,6.2873,6.2382,6.2972,6.1989,46283870.0
2016-07-19,6.2382,6.2873,6.3168,6.2284,38733713.0
2016-07-20,6.2775,6.2873,6.307,6.2579,33450823.0
2016-07-21,6.2775,6.307,6.3561,6.2677,50118584.0
2016-07-22,6.2873,6.2284,6.3168,6.2186,34350524.0
2016-07-25,6.2382,6.2382,6.2677,6.1989,25347003.0
2016-07-26,6.2382,6.3168,6.3168,6.2284,38599274.0
2016-07-27,6.3168,6.1105,6.3266,6.0516,71012649.0
2016-07-28,6.1203,6.081,6.1498,6.0417,34973525.0
2016-07-29,6.0908,6.0712,6.1301,6.0614,26089774.0
2016-08-01,6.0712,6.0221,6.0908,5.973,32068395.0
2016-08-02,6.0221,6.081,6.081,6.0221,17089234.0
2016-08-03,6.0417,6.0614,6.081,6.0417,15110657.0
2016-08-04,6.0712,6.081,6.081,6.0221,16300009.0
2016-08-05,6.0712,6.1007,6.1498,6.0417,23983829.0
2016-08-08,6.081,6.1301,6.14,6.0417,19124099.0
2016-08-09,6.1301,6.1498,6.1596,6.0908,24864501.0
2016-08-10,6.14,6.1203,6.1793,6.1007,30236274.0
2016-08-11,6.1301,6.1301,6.2087,6.1203,47849713.0
2016-08-12,6.1301,6.2382,6.2579,6.1007,51874845.0
2016-08-15,6.2677,6.4936,6.7294,6.2284,189232058.0
2016-08-16,6.474,6.4936,6.5329,6.415,86682042.0
2016-08-17,6.5329,6.5035,6.7294,6.4936,98277844.0
2016-08-18,6.4642,6.415,6.5427,6.3757,77051805.0
2016-08-19,6.4052,6.4445,6.474,6.3757,39744613.0
2016-08-22,6.4347,6.3856,6.474,6.3856,38996897.0
2016-08-23,6.3856,6.415,6.4445,6.3757,31566047.0
2016-08-24,6.415,6.3856,6.4445,6.3757,24024848.0
2016-08-25,6.3757,6.3757,6.4347,6.307,35217809.0
2016-08-26,6.3856,6.3561,6.4052,6.3364,25240395.0
2016-08-29,6.3856,6.3364,6.3954,6.3168,21269981.0
2016-08-30,6.3364,6.3561,6.3954,6.3266,30200635.0
2016-08-31,6.3561,6.3856,6.4052,6.3168,27570655.0
2016-09-01,6.3757,6.2873,6.3856,6.2873,29889260.0
2016-09-02,6.2972,6.3266,6.415,6.2873,32231195.0
2016-09-05,6.3561,6.3561,6.4249,6.3266,31462909.0
2016-09-06,6.3463,6.3757,6.3954,6.2972,31927538.0
2016-09-07,6.3757,6.3757,6.4052,6.3463,29938263.0
2016-09-08,6.3659,6.3463,6.3659,6.3168,21510220.0
2016-09-09,6.3463,6.2972,6.3659,6.2972,26924304.0
2016-09-12,6.2382,6.0908,6.2382,6.0712,51475588.0
2016-09-13,6.1105,6.0908,6.1301,6.0712,25474588.0
2016-09-14,6.0712,6.0614,6.0908,6.0417,23186034.0
2016-09-19,6.0614,6.081,6.1007,6.0614,22755764.0
2016-09-20,6.0712,6.0614,6.081,6.0516,14613587.0
2016-09-21,6.0614,6.081,6.1203,6.0417,28608537.0
2016-09-22,6.1203,6.1301,6.1694,6.0908,39394045.0
2016-09-23,6.14,6.1105,6.14,6.0908,17786324.0
2016-09-26,6.1007,6.0221,6.14,6.0221,40008588.0
2016-09-27,6.0221,6.081,6.081,6.0024,22753626.0
2016-09-28,6.0614,6.0712,6.1007,6.0417,16944152.0
2016-09-29,6.0908,6.1105,6.1891,6.0614,41801964.0
2016-09-30,6.0908,6.1498,6.1694,6.081,22316830.0
2016-10-10,6.1891,6.307,6.307,6.1793,53810459.0
2016-10-11,6.307,6.2972,6.3168,6.2284,30421081.0
2016-10-12,6.2677,6.2677,6.2972,6.248,17058157.0
2016-10-13,6.2677,6.2873,6.3266,6.2382,28323625.0
2016-10-14,6.2873,6.307,6.3168,6.2382,24345142.0
2016-10-17,6.307,6.2186,6.3168,6.1989,24420449.0
2016-10-18,6.2087,6.3266,6.3463,6.1989,44232375.0
2016-10-19,6.3266,6.2775,6.3463,6.2579,26644712.0
2016-10-20,6.2677,6.2579,6.2972,6.2382,20163589.0
2016-10-21,6.2579,6.2873,6.3463,6.2382,34252226.0
2016-10-24,6.2873,6.3757,6.4543,6.2677,83727165.0
2016-10-25,6.3757,6.3561,6.3856,6.3266,34910654.0
2016-10-26,6.3757,6.3266,6.3954,6.2972,33143904.0
2016-10-27,6.3168,6.2972,6.3266,6.2677,23541006.0
2016-10-28,6.3168,6.3561,6.4543,6.307,71782488.0
2016-10-31,6.3364,6.3364,6.3659,6.2579,28910554.0
2016-11-01,6.3364,6.3659,6.4249,6.2972,36651991.0
2016-11-02,6.3463,6.3168,6.415,6.307,33969716.0
2016-11-03,6.2873,6.4445,6.5231,6.2873,110494333.0
2016-11-04,6.4445,6.415,6.5231,6.3954,61984953.0
2016-11-07,6.4249,6.4052,6.4445,6.3856,33139019.0
2016-11-08,6.4347,6.4249,6.474,6.3954,39342688.0
2016-11-09,6.4249,6.3168,6.4347,6.2677,50879111.0
2016-11-10,6.3757,6.3954,6.474,6.3561,57582096.0
2016-11-11,6.415,6.6213,6.7196,6.3954,154530015.0
2016-11-14,6.6213,6.6901,6.8473,6.5919,155801504.0
2016-11-15,6.7098,6.8276,6.8473,6.6901,137498912.0
2016-11-16,6.8276,6.7883,6.8276,6.6803,95256454.0
2016-11-17,6.7392,6.9554,7.0634,6.6606,177852844.0
2016-11-18,6.7883,6.7589,7.0143,6.7294,118748305.0
2016-11-21,6.7392,6.8178,6.9161,6.7196,99886358.0
2016-11-22,6.8178,6.8964,6.9357,6.8178,90627231.0
2016-11-23,6.8866,6.8375,6.9554,6.8276,81368306.0
2016-11-24,6.8276,6.8964,7.0339,6.808,98016808.0
2016-11-25,6.8768,6.9357,6.9357,6.7589,74919319.0
2016-11-28,7.0339,6.9455,7.0634,6.9259,90240887.0
2016-11-29,6.9161,6.9357,7.0143,6.8473,91399851.0
2016-11-30,6.9161,6.7982,7.0143,6.7687,86526313.0
2016-12-01,6.7883,6.8375,6.8768,6.7687,60011202.0
2016-12-02,6.8473,6.7196,6.8473,6.6803,71904045.0
2016-12-05,6.6606,6.474,6.7196,6.4445,83412376.0
2016-12-06,6.474,6.4642,6.5231,6.4445,40334768.0
2016-12-07,6.4838,6.5427,6.5427,6.4445,35790013.0
2016-12-08,6.5427,6.4543,6.5526,6.4445,43401065.0
2016-12-09,6.4445,6.474,6.5133,6.4347,49114658.0
2016-12-12,6.4642,6.2284,6.474,6.1989,77210312.0
2016-12-13,6.2186,6.248,6.2775,6.1891,48032740.0
2016-12-14,6.248,6.1694,6.2579,6.1596,45397707.0
2016-12-15,6.1498,6.1793,6.2284,6.1301,51966861.0
2016-12-16,6.1694,6.1498,6.1989,6.1105,57747234.0
2016-12-19,6.1596,6.1105,6.1596,6.0908,34860979.0
2016-12-20,6.1105,6.14,6.1498,6.0908,38738037.0
